,A,B,C,D
2000-01-01,1.4886283470281902,-1.1378540129228518,0.9867098216786552,-1.1924031205106314
2000-01-02,2.1906007409365054,-1.833237932037877,2.6891844434569183,-0.2383736094330553
2000-01-03,2.8743694597375185,-2.678628277135412,2.789044870992941,-0.5738426139775439
2000-01-04,2.2521693483679073,-2.0409710397476886,2.354519626900821,-1.0445806019393227
2000-01-05,1.8517129762998272,-2.9551074047336767,4.119944354413983,-2.573275038752438
2000-01-06,2.1459960278463877,-4.64655934555495,4.668110446955287,-2.5178759070548904
2000-01-07,2.1809910879750025,-4.454631638527939,4.442174012350512,-2.9613434294710292
2000-01-08,1.4301107033541673,-4.265155731800124,5.069119257066951,-1.780629663222703
2000-01-09,-0.40007077601902363,-2.7462989336787125,5.090856554052786,-3.892756275258031
2000-01-10,-0.18743711080919456,-0.5370372922200435,4.047295017489601,-4.57986765720369
2000-01-11,-0.4978089243566853,-3.222174537364353,2.5988078382634896,-6.241942977681341
2000-01-12,0.4862783403238374,-2.024894255726289,4.624485576446376,-4.087997318252902
2000-01-13,0.05096712957587218,-4.407271468201925,4.289727095423266,-3.723760050709047
2000-01-14,-0.18853349728711596,-3.809316597946486,3.51248725309524,-4.744757581450699
2000-01-15,-0.07016635850195922,-4.01414791882716,3.477021411317198,-4.207149789585249
2000-01-16,-1.1557077523158379,-4.8822030995962455,4.731894580729846,-3.1390090431512636
2000-01-17,-0.7441448224487408,-5.885828371724583,5.159707864576464,-3.0234109639820095
2000-01-18,-0.6154946783626969,-7.414221025391739,4.794713593729896,-1.9760691565018695
2000-01-19,0.4032747905238152,-7.089628910004845,5.471507465402764,-1.6762079095079772
2000-01-20,1.7294833596225998,-7.125956613769457,5.798867958103319,-1.6337508865940198
2000-01-21,2.634010618892058,-9.195466618846629,5.6496956633459865,-0.1378483629595444
2000-01-22,4.050334655491102,-8.921928164245525,7.138519342869622,-2.8271881449359464
2000-01-23,4.07732666589482,-7.067157682047158,7.238125773667806,-2.4805312841565157
2000-01-24,3.40542169604399,-6.829207976618991,7.956233909409258,-4.382674039465283
2000-01-25,4.261147618501692,-6.38358959309203,8.636477632076648,-5.597763090594509
2000-01-26,4.028207081607086,-7.269634064105393,7.358276466547126,-6.412432294141407
2000-01-27,5.262083875669797,-6.272518901150642,8.873843829037632,-6.219816422863693
2000-01-28,6.952231041399062,-6.637612369797179,8.4948604613733,-6.3211321488967425
2000-01-29,6.93095317156414,-5.664666003919126,8.637254978876744,-7.028088085820223
2000-01-30,7.834201897902725,-4.719636933648275,8.956683285633417,-6.694068165871428
2000-01-31,7.955687883974531,-4.569538158020487,7.020770595925628,-6.672100986629837
2000-02-01,7.534325189309533,-4.589817936483895,7.335560295750826,-7.599824021922506
2000-02-02,7.907746812527742,-4.6934974722802325,7.136332987301344,-7.742734390101209
2000-02-03,8.700687999398177,-4.877466253478649,8.47668970040228,-7.441781300492414
2000-02-04,9.26952959298926,-4.277502891688531,9.62739807350775,-7.005407906771466
2000-02-05,9.864145296977778,-4.47215797777902,9.312751605324305,-6.854740764796218
2000-02-06,9.96383460151989,-4.686660385742184,8.153951237571464,-8.113687956147269
2000-02-07,6.908629668326734,-4.7533609835698885,8.126946948479068,-7.241223491280047
2000-02-08,6.745192851919402,-3.138915972933834,7.331083741584568,-7.094566261891521
2000-02-09,7.86229364799967,-3.435219515797654,7.43331007015006,-5.737773617369585
2000-02-10,7.256439870544099,-3.7079757996096054,7.843992927099327,-5.258853551955204
2000-02-11,7.1251640738268085,-3.8050171587265846,6.8791949935664185,-7.624415238110204
2000-02-12,7.133891825544551,-4.609581393380871,6.335259181490403,-8.318210895841428
2000-02-13,8.144458345789184,-4.1513209937987,5.090643703825787,-9.65419409193141
2000-02-14,7.05580655121935,-3.3182397122621534,5.742252152335457,-9.69454139961886
2000-02-15,7.534682593803423,-2.2509933801544233,5.838460735219593,-9.813758318703988
2000-02-16,6.793400254662313,-1.9203046605745948,3.3838109504828497,-10.811411132951587
2000-02-17,6.3311305041536965,-3.5093992315489793,3.4537612689010833,-11.016743273355075
2000-02-18,5.660253505817865,-5.169552752868975,2.699304035016739,-10.462212297653366
2000-02-19,6.373922576931004,-5.534685543282575,0.7844990964246841,-10.8029464037413
2000-02-20,4.506109691402073,-8.261720682268734,-0.043061998237482135,-10.044821542842936
2000-02-21,4.687188571371853,-8.676163373084751,-1.0358839254318024,-10.684986904440393
2000-02-22,7.8375984454804914,-8.91669141661903,-1.286556249030214,-11.738853811389914
2000-02-23,7.3039282520475615,-8.41982393203774,-1.8661122597535185,-12.385055654709003
2000-02-24,5.822403233724476,-8.117314254110527,-3.258561687584339,-11.395781089178515
2000-02-25,5.739470041220487,-8.946179151524772,-5.440623954301607,-10.74604777475999
2000-02-26,4.716219648251817,-8.489659886074392,-5.638816218039592,-11.535643599413152
2000-02-27,5.404246998156901,-8.389908200551124,-5.723383186440405,-11.54737545218402
2000-02-28,6.1550677290249105,-7.836772706634738,-5.123450129789638,-12.327057584245445
2000-02-29,6.203386260013691,-9.028428278817437,-2.627032390177961,-11.198038857078
2000-03-01,5.018747964336656,-9.466644339155005,-2.5143171758118954,-11.196047759111314
2000-03-02,6.32262120546895,-9.418796988522281,-2.4859236537966245,-10.162669540652288
2000-03-03,7.494594227963238,-10.434763895858444,-2.4336396192893446,-11.484766250740366
2000-03-04,6.675457723952219,-9.442516642035548,-2.468837777839036,-11.516664152895006
2000-03-05,4.936320422566627,-10.35896535041792,-2.425386066658488,-11.324635812905077
2000-03-06,6.072922703753878,-11.733328257479878,-2.3813418339442154,-9.913413522524511
2000-03-07,6.58314330047837,-11.321151187736547,-4.058446229281641,-10.07192065734099
2000-03-08,7.671967416440952,-11.52216599862639,-5.0073560831113,-10.191448147517292
2000-03-09,9.443084240091066,-13.224050194798858,-5.455517089424634,-10.942460689693378
2000-03-10,9.102600834678386,-13.367571205576962,-5.8958106411385245,-11.708794511546758
2000-03-11,8.307680462914039,-12.436689890516172,-7.578922485236189,-13.11055835642284
2000-03-12,8.082254241618841,-13.700894164499797,-9.153616952565317,-12.151272482995461
2000-03-13,9.552470669255401,-14.168875032167383,-9.13276588748468,-12.960811309013355
2000-03-14,8.924513754405016,-12.026755818952235,-6.743838050053164,-12.199446193138224
2000-03-15,10.175902943605012,-11.745119348200188,-6.597245387601461,-12.099592077743885
2000-03-16,10.107266689305982,-13.684277262138991,-6.2398342764120125,-14.377377206600151
2000-03-17,8.52399870520932,-12.02031316669655,-5.46391081782656,-14.22929691772429
2000-03-18,7.298074870230689,-11.862966471894435,-7.125311074804685,-13.00226995037506
2000-03-19,7.9986851611629755,-12.105881639124373,-6.902401018676818,-13.10692477286233
2000-03-20,8.232093799275308,-11.188718912904573,-8.236038534715338,-12.320247731195316
2000-03-21,8.369529589325035,-9.428833969018227,-8.563437169218409,-13.816715235331685
2000-03-22,10.092145881857858,-8.64342836448473,-9.82134389736393,-13.000758192279147
2000-03-23,8.915106935939034,-9.313784430809685,-9.18040145535739,-12.746942074652495
2000-03-24,9.548046188459693,-10.001369360530978,-9.598389023046838,-11.814726695094105
2000-03-25,8.371803264643756,-11.554846865824196,-6.937798846227012,-10.492578930029318
2000-03-26,8.520329628894249,-11.442195743604634,-6.559676132252306,-10.150075059138706
2000-03-27,9.049153296225205,-11.398260527076228,-5.618167740956385,-10.767275577828787
2000-03-28,9.842052344482127,-10.933037766579373,-5.739427441886878,-9.01115650643429
2000-03-29,9.479386983109094,-10.66797759125819,-7.323167118826609,-10.761136738558681
2000-03-30,10.520323153238584,-10.574931538993031,-6.394706112452034,-11.582652420675167
2000-03-31,12.360166002633422,-10.656065373379299,-7.362390812770185,-11.040075937471144
2000-04-01,11.816348377796581,-10.041676742600474,-7.091350389698159,-13.017149688645489
2000-04-02,11.749090123673529,-8.562328822704831,-7.033440147414579,-13.613897050121913
2000-04-03,11.847041710240243,-7.702754065854923,-8.619971273402182,-15.256332107731074
2000-04-04,11.365724782794334,-7.5396941029935824,-8.304035154475716,-14.151828094710638
2000-04-05,11.728629883325327,-9.91221282374595,-8.132238979043748,-13.984773910147311
2000-04-06,11.354715543021118,-9.827636896982396,-8.345112198549685,-13.848148863788298
2000-04-07,9.856102471031605,-8.675273784680087,-6.94827326605942,-13.962735579342363
2000-04-08,8.441631345672118,-8.709714536946189,-6.719602988816934,-13.34201915081902
2000-04-09,8.697625573591546,-8.68801153248156,-5.927913476365617,-13.860845733513344
2000-04-10,8.913675108573749,-9.692721020131676,-6.184043602002441,-13.465028606506497
2000-04-11,8.234428467154473,-10.232500393440674,-5.8522561120764065,-11.821082411730064
2000-04-12,9.205784312843395,-9.59076008839319,-5.712090865295367,-11.227679432403324
2000-04-13,8.383859161358723,-10.370381644608681,-6.13488678942541,-10.632205683480434
2000-04-14,7.56061124887966,-8.210142173100666,-6.200830570082039,-11.484010710939092
2000-04-15,7.198208481647558,-9.026569947318622,-4.59677512473181,-9.861691404497362
2000-04-16,8.415590940929004,-8.339328390750588,-2.693292701521127,-11.196670504986852
2000-04-17,7.46449469723632,-9.834707467466618,-2.24803979788681,-12.529615276186274
2000-04-18,9.290638245947077,-9.21490259013606,-1.114164818666389,-11.737870693665338
2000-04-19,8.999950597560598,-9.07936260141231,-2.8360228362153976,-11.35352441815576
2000-04-20,8.368998524362699,-9.538702127323422,-2.6783879086925917,-10.924713437253441
2000-04-21,7.73393964658481,-10.482440447907297,-0.11375161194377625,-10.313593423144003
2000-04-22,6.7850367278806605,-8.374105007385715,-1.9347394488054281,-9.962388359444613
2000-04-23,7.134110155686196,-7.270690504473284,-2.3187039090495025,-10.511937706964032
2000-04-24,6.737176910079351,-8.006457173879587,-2.550114213100557,-10.990714377847501
2000-04-25,6.238580727896331,-8.757548073235421,-2.749695624354359,-10.818759168159183
2000-04-26,5.090184761427013,-8.042558993438531,-3.8475728639331415,-11.417514967736961
2000-04-27,3.100987573123138,-8.373761030833068,-3.081219985289971,-12.80235908633855
2000-04-28,1.8087773854091733,-8.851497813010411,-3.653135358427129,-11.099604988829745
2000-04-29,2.1177701000181863,-8.83832121583818,-3.6232626989864793,-10.35220352088495
2000-04-30,2.279381927332948,-7.945674315210356,-3.9707761743236087,-9.160793814977184
2000-05-01,2.216321054661327,-8.886902657346132,-3.6647900595314735,-10.22033699343797
2000-05-02,1.9141188994643785,-9.799927381181767,-2.834400151259582,-10.861860711271222
2000-05-03,0.9316732109692555,-8.872621676007915,-2.3343007426114366,-11.275381117539082
2000-05-04,0.23501685017755436,-10.243569139043483,0.1286710115821772,-9.55217740716678
2000-05-05,0.6157483546697764,-11.066533863092976,0.439589307502552,-9.883882371374927
2000-05-06,1.699184185744407,-11.173619419355052,1.563865959967198,-9.896555300162825
2000-05-07,1.9767860096919296,-11.714219924637481,1.4101440492660415,-8.772743943980267
2000-05-08,0.7564924897545493,-10.672839099091377,1.0605904945588378,-8.827122704634165
2000-05-09,1.233843596857749,-10.144971146030665,1.8738674451430877,-7.5700154630808925
2000-05-10,0.17274337790471628,-10.54329105116296,2.958980476943316,-8.643557896424952
2000-05-11,-0.0016414402510082915,-10.862210496144748,3.4030125241984246,-9.03932119406664
2000-05-12,0.16876493054025604,-10.109280448078989,2.994562432388208,-9.06536284036639
2000-05-13,1.3935936916853782,-10.461100131873788,4.162751577397219,-8.483715676779823
2000-05-14,0.20346217028971636,-9.785476836260726,3.526875376727614,-7.947812487014089
2000-05-15,1.6546626197262577,-8.501658451652208,4.638315287041201,-8.389923226197805
2000-05-16,2.1546697584319086,-7.708191639185047,4.758276433762162,-8.750838041344021
2000-05-17,2.115569103446708,-6.614121303691666,4.81709325548146,-8.507245823394975
2000-05-18,2.0950379788773255,-5.9096906715166435,4.294348337782425,-8.125890990646855
2000-05-19,1.6748273020045796,-6.445067245099586,4.8977753985117065,-8.269918040083022
2000-05-20,2.6976969850788404,-6.756686070806731,5.750776725449608,-9.082882853090755
2000-05-21,2.616071427448061,-6.809700229813131,6.708348468752228,-9.094806876635916
2000-05-22,2.8712395551262935,-5.834016034723299,6.576351392409631,-10.955914668507287
2000-05-23,0.8955661626190483,-4.385999093783646,6.419838558801937,-10.870484354644208
2000-05-24,-0.6127164338483764,-4.180264380570162,7.217022411086569,-12.401639443259034
2000-05-25,-0.9700971063315587,-4.360820527675661,5.728666020333409,-13.887857259481963
2000-05-26,-0.11106159142417094,-5.5525805520706015,5.162035993476991,-14.661202894305047
2000-05-27,-0.44514895924649894,-6.211301602002571,5.063564699586321,-15.792740764053207
2000-05-28,0.302680718879394,-7.7303570777789865,4.922443992489634,-16.24502191678269
2000-05-29,0.720868732138527,-8.10863728890494,3.7787628237307285,-17.290917528065954
2000-05-30,0.4239281814423684,-7.817401166009823,3.6984688069586156,-17.870821746215835
2000-05-31,0.34481115581714594,-7.787538566237184,5.7910985729816815,-17.448059971970864
2000-06-01,-0.10285877139242522,-6.990986948046862,5.445780998055344,-14.971625596147383
2000-06-02,1.5214556776366808,-8.572061527614235,4.150471472701109,-13.77712984314093
2000-06-03,1.8161112808042583,-8.933392561058614,4.185946465890617,-13.279728492806122
2000-06-04,1.5618067351169442,-10.437557445645208,3.1578190331247353,-13.687880202535686
2000-06-05,0.5371475459958726,-9.177485066828991,4.168872821317205,-13.679393792934242
2000-06-06,0.6871772216871572,-9.622163045359056,4.172184848623029,-13.817243490224406
2000-06-07,2.1456117016655725,-9.168319515704997,2.523615993698444,-13.985323706210568
2000-06-08,3.0628893242457504,-9.287377026324581,0.41038123171813323,-14.19420472085642
2000-06-09,2.9800682815052735,-10.859193820427203,0.31839649575728224,-15.323031098688055
2000-06-10,3.3437099588622865,-11.193718301410541,1.7448385209542356,-15.880321407846555
2000-06-11,3.1939890489378753,-9.833917657674982,3.7050050657801448,-15.42904430906215
2000-06-12,2.9082983715144066,-7.751467808358097,2.9751104302605067,-15.052747805388575
2000-06-13,0.7190591276542664,-7.170340023349729,2.437072225504534,-15.766016790482242
2000-06-14,0.4730471730326704,-6.523556918136331,2.987082940387779,-15.899808719711531
2000-06-15,1.5212509220038843,-5.827903758635663,1.9815110725618712,-16.900970408866378
2000-06-16,0.9822641930526134,-4.86241781888224,1.3664338291459708,-16.415059502090138
2000-06-17,-0.007072066031300506,-4.4744399161490955,3.2814448382419807,-13.579311684789303
2000-06-18,0.2077859001643957,-3.9191035126566813,3.867319948512241,-14.26602203357639
2000-06-19,0.12019050616799411,-5.47341386110658,2.6827902901922522,-13.702519759302737
2000-06-20,-0.28807550779641167,-5.8738442580829995,5.347336839514741,-15.079562479350841
2000-06-21,0.48362345038437693,-7.115528340014491,6.752359686203896,-14.341219048743321
2000-06-22,-0.9739706477553,-7.0345840135924425,6.61775599226785,-14.535805139533672
2000-06-23,-3.1360650990220806,-7.587384243384997,7.339745906718387,-14.152921072195507
2000-06-24,-2.625995192544379,-7.938095682724302,7.275944313735038,-15.689989503621618
2000-06-25,-3.241119839025047,-7.356250133972556,7.820797938093502,-14.47863092573764
2000-06-26,-3.5069953895145973,-7.142435077096754,6.93893516541865,-14.642576701941913
2000-06-27,-2.8283968193060693,-7.7172642861885175,7.628241385899995,-14.40250129278804
2000-06-28,-2.656826324992526,-7.035163721076245,7.415933526741914,-15.886982097046086
2000-06-29,-1.011850754119987,-7.413894907226888,8.186490261020603,-15.612157532990892
2000-06-30,0.9332094822943229,-7.530833279430688,10.027651911168071,-15.603638402745569
2000-07-01,1.7230918580501413,-6.820928937339751,10.80671531467841,-14.706805409048167
2000-07-02,-0.9329853795869423,-7.382180732997411,11.283408410492658,-15.256163252412328
2000-07-03,-1.4323074089916665,-7.859558252818546,11.17717246031397,-14.834520712177508
2000-07-04,-2.8715335227034897,-5.668537749369048,10.68328836918807,-14.742138903346888
2000-07-05,-2.1300729971742545,-5.655085095409806,9.739476534354013,-16.165849064014786
2000-07-06,-2.7481628531848346,-3.925865635213059,8.589119148894055,-16.33329065318495
2000-07-07,-2.742511003275094,-4.1553492281385855,6.5734686530495985,-17.5289548929286
2000-07-08,-2.4487874320752447,-4.510059642442335,4.831545117919369,-16.663295979542358
2000-07-09,-3.0953445361123872,-2.230999534006465,4.528155521765873,-17.841398153284253
2000-07-10,-4.001944563870938,-2.28934671359213,5.7347415897817235,-17.83920846368238
2000-07-11,-3.0224703181973687,-3.303145955344833,5.320036263533967,-18.468151969580983
2000-07-12,-1.8340641604181411,-3.1409683058351634,4.813164764565826,-17.943823177369126
2000-07-13,-0.3503410631034636,-3.690663835456557,5.500234059535955,-17.47079592580408
2000-07-14,-0.13247469011799676,-5.347159279033464,5.762720345744603,-16.46602094467548
2000-07-15,-0.1222364236602859,-6.941533418037331,6.181603176984674,-17.587198783770862
2000-07-16,-0.4770926086989868,-7.559245614944015,6.526219775702928,-19.950222304230525
2000-07-17,-0.2219199038864348,-7.816979186083447,6.525905502803709,-18.057951484240625
2000-07-18,-0.4001654245588543,-8.669111594498844,5.278454076241425,-18.626354285655918
2000-07-19,-0.36024402479142564,-9.098007542138706,7.164566607815468,-17.42274747717071
2000-07-20,-1.3624987626171425,-10.353995700417252,6.786804481923418,-15.44121571598668
2000-07-21,-0.09784185754633956,-9.715044095228073,7.2092288677761625,-16.352525635912002
2000-07-22,-0.29460940033489125,-7.350620589824839,5.610559018663272,-18.749564556096388
2000-07-23,-0.8995060376601148,-6.927484443480858,3.572065828376011,-17.939159487763618
2000-07-24,-1.8699558319497185,-5.1100656430400555,2.4473403886972602,-18.351502998791588
2000-07-25,-3.111273186093665,-4.92946665827984,1.9294082719151802,-19.465963076214134
2000-07-26,-2.9483785858618035,-5.379822933496455,3.1783824017994204,-19.665728605445498
2000-07-27,-3.0878793167696528,-5.811865189760965,3.1091542741332,-19.636661809731326
2000-07-28,-4.127652045722408,-4.931555107816553,2.2507462881602023,-19.502659451301525
2000-07-29,-4.40048418041534,-3.635705216326431,1.917228027277972,-19.750612031643342
2000-07-30,-5.024885880511196,-4.164780011385577,3.161052387908007,-20.380166169389703
2000-07-31,-6.001976669778572,-1.4411927614641726,3.4416864525350244,-19.162214725183745
2000-08-01,-7.823925188914389,-1.1180399556443692,4.420693514142709,-17.635728317784228
2000-08-02,-7.131734642418127,-0.5143440128003763,4.395750375852346,-17.47328023324388
2000-08-03,-4.76256469468023,0.47954699037726456,4.1064720233420084,-18.51099303171142
2000-08-04,-5.148387289242375,2.130289672565855,4.638787377905674,-17.178782458738755
2000-08-05,-4.1300196476574556,1.266783969001795,4.236287552395519,-17.894119807991377
2000-08-06,-5.1513316569412515,3.0335677833274732,4.8756297764255505,-19.337190484956878
2000-08-07,-5.697526358991659,1.347272251503478,4.941690680452693,-18.911113484804403
2000-08-08,-5.020950299815664,2.9389039497909537,6.207427799262932,-19.00678645390765
2000-08-09,-6.188293760895805,2.540902735691796,6.115565013964187,-19.144812139718184
2000-08-10,-6.472833796636243,0.7805471965788171,6.311649393241777,-17.886444317434535
2000-08-11,-7.4499484340093876,1.7116482736040952,6.9791786939889064,-18.09904970766632
2000-08-12,-7.689194217191901,1.075324183571945,7.513631398554058,-17.49979004571124
2000-08-13,-8.252433141396853,0.7685619365264591,6.024115245499484,-15.38735157570741
2000-08-14,-6.641760964019369,1.4176171995613305,7.600362012766805,-17.622603576370135
2000-08-15,-9.011193773710644,1.1598407781989288,8.760944889908645,-18.749372307322982
2000-08-16,-8.139384218813108,1.714265118033893,8.698705368094464,-18.455549599174553
2000-08-17,-7.532579176675961,3.24519446323878,10.5922928935807,-19.165469877197555
2000-08-18,-7.819645326268915,4.938792548619008,10.451044177594442,-19.481087295491797
2000-08-19,-8.575711711525587,5.191685056355067,11.298636300512964,-19.400902299429944
2000-08-20,-7.653856227356083,7.047955685605564,11.167858667473759,-20.69246809513606
2000-08-21,-8.306566351382667,8.070028650267876,12.225400863897786,-22.616047757007056
2000-08-22,-5.908119757503068,7.5775404935494075,12.346232157814581,-21.336479820177097
2000-08-23,-5.448740187400934,9.546204425467266,12.098075190284112,-20.521933893601542
2000-08-24,-6.641239792297363,8.524017881380088,12.143541016683844,-20.325225198565754
2000-08-25,-6.683922518773569,8.765319413738622,11.027161192565295,-19.718639049316455
2000-08-26,-6.243911235054128,8.551754966697532,11.124739077709847,-19.86751308460523
2000-08-27,-5.780710102975294,9.183130269777164,11.165807901011188,-19.43505199272831
2000-08-28,-5.126866955242043,10.205003231130274,10.037308342928789,-19.47898761978156
2000-08-29,-4.3463698565987245,10.637171148902919,10.036169203570307,-18.142687645181404
2000-08-30,-3.171106247589937,11.078068706998748,10.765732349347697,-17.439317968222333
2000-08-31,-3.4400763168497694,12.22807925709707,9.895444034005864,-14.959807920435063
2000-09-01,-1.7801456030762668,11.697383162762712,10.13023350783882,-13.404495267443473
2000-09-02,-1.0700998473408654,11.392157461308125,8.799871600327922,-13.626860003330721
2000-09-03,0.17409378691911415,10.16451513783841,9.33020189410588,-14.964353524890859
2000-09-04,0.6362862087925208,8.065182372887902,8.93584425325547,-12.519270847590349
2000-09-05,1.5470408003108453,9.176634530809299,9.108409281245011,-12.110100221264691
2000-09-06,0.28333199877900017,10.46969643184822,8.773190953536595,-13.277587020842775
2000-09-07,0.42936456058563094,10.282137140741746,8.682279896389533,-15.076708029649946
2000-09-08,0.678476936587981,11.227899940041686,8.209770653609489,-15.098167422641467
2000-09-09,0.5416738226365905,11.168928079915512,9.257333054011573,-13.447582515755007
2000-09-10,-1.1130102362351377,10.093837440749681,8.135515545671822,-12.464254354396774
2000-09-11,-3.0559822135035244,9.354581023224977,8.54357945225321,-13.452660665410459
2000-09-12,-2.4880684414006056,9.01140047077424,8.068439880677277,-12.44233316351911
2000-09-13,-4.541675080399857,8.212523323193288,7.1348031094159925,-14.676152856905713
2000-09-14,-5.245552800362588,8.54168904293738,9.321922123959016,-12.205123876413715
2000-09-15,-5.167187763664798,7.092367788939709,8.73403140595354,-11.030644698886585
2000-09-16,-5.837714437315132,5.486304737367484,8.319080922969322,-12.662212328614723
2000-09-17,-4.813600874748644,5.704135929507975,8.710755475479239,-14.1591667138411
2000-09-18,-5.226934458482727,5.740666314439905,8.608251051536703,-14.249552247967332
2000-09-19,-4.5461144146866825,5.419160938643319,9.426845913015205,-14.917762835987494
2000-09-20,-6.176316974209911,5.0169842415489185,9.483992413873533,-14.728324714033485
2000-09-21,-5.933597953471053,3.290705227665402,9.11559591575298,-16.206686341926947
2000-09-22,-5.576974086990041,4.417478053106471,9.295819930242676,-17.454173307627975
2000-09-23,-5.163188345958943,3.705567031698338,9.95951583994869,-17.123588238477076
2000-09-24,-6.386105081388936,3.900080275208708,9.57188589733155,-17.166295878241694
2000-09-25,-7.869598228587455,4.004375716671582,8.662132105484504,-16.621768233232963
2000-09-26,-8.862960446323534,5.045783635338531,7.910991934849816,-16.29493319469503
2000-09-27,-8.259462376578053,5.900697347191322,7.725216668138946,-16.009635527933767
2000-09-28,-8.21219733989723,7.461373969447019,6.651525376629296,-16.43903721456201
2000-09-29,-8.998261601872011,5.121309476325955,7.680709221996254,-16.114330578080075
2000-09-30,-8.134875846095023,6.236319894568107,10.347955390675372,-18.20626285567229
2000-10-01,-6.6484269204709445,7.568403789187269,11.555908996022248,-18.73953662943353
2000-10-02,-6.707006855908375,7.1998280915922805,9.589425170229374,-19.586327060534902
2000-10-03,-4.63073708403858,7.889303471138496,9.660354399131993,-19.4167048405432
2000-10-04,-4.294780607203234,8.928141660084894,11.303981795842414,-19.090351801240857
2000-10-05,-4.775580374600162,7.613192941599121,10.7433897029183,-16.415899299748386
2000-10-06,-6.723337095578369,6.979889834353292,10.063125408223936,-16.47338336941007
2000-10-07,-7.270106944078704,6.669241003492196,9.588433942234646,-16.900178226817935
2000-10-08,-7.140814384603573,5.16418367009723,8.412551141285523,-16.393472669784774
2000-10-09,-7.113933275212699,3.9026441504430536,7.257838541142188,-17.161508080126264
2000-10-10,-7.793917855211565,4.861567566156605,5.489859597033659,-15.297934411417152
2000-10-11,-8.464983249662666,5.901874286945409,6.482113045670921,-15.254186354210642
2000-10-12,-8.443618294889129,5.91815646699783,7.249893940942801,-14.40775264071743
2000-10-13,-8.504938309103732,7.260926497125605,7.162351442312802,-13.470163204436142
2000-10-14,-9.296418858807309,8.21915956259842,6.130908937195565,-13.125527893271412
2000-10-15,-10.147178781174182,7.236625806711903,5.409711269264077,-12.992217912326433
2000-10-16,-10.573439189981073,8.67372987164296,6.050029260300252,-13.47384441514341
2000-10-17,-9.611428696023767,8.96200857221696,6.6759465010485775,-13.221360283849805
2000-10-18,-8.769116815099602,7.296997729030922,7.222707972608134,-13.809390041928063
2000-10-19,-8.541383895991148,7.768091342188526,6.9029807091125415,-13.180273676472334
2000-10-20,-8.613717055802988,6.7214496144333165,6.715913472712492,-12.674389452290269
2000-10-21,-9.674500532234571,7.38141646387891,6.437400051583008,-9.838438958745993
2000-10-22,-11.065178950923851,6.789147001705217,7.34020420179516,-7.7691198808644195
2000-10-23,-11.691862388473236,5.793781148488381,6.634664750870597,-7.717644116472984
2000-10-24,-10.870414383590356,6.242432079697971,7.087569447811936,-7.340370152784569
2000-10-25,-9.952492176319048,7.357631773212049,6.778002861203168,-7.599631545116177
2000-10-26,-9.744010186909666,7.12362722724878,7.4925730446434695,-6.612258201871745
2000-10-27,-8.389311393909992,6.470147312913155,6.452638846125537,-6.968831289968095
2000-10-28,-8.750322913826714,6.940477501395039,6.600185507190093,-6.813296524373603
2000-10-29,-8.829353765581985,5.312978319676286,7.717729261528608,-6.515197460395841
2000-10-30,-7.686272614413653,4.267640238564501,7.598053721758919,-6.2339859911094875
2000-10-31,-6.573771518002629,3.856159658220545,7.707288978730799,-5.629499736097599
2000-11-01,-7.47688197703931,3.964697446037977,8.339826023915322,-6.934350880826136
2000-11-02,-8.883904053811346,3.323553967577962,8.675079057786686,-6.119358647939472
2000-11-03,-9.025398853577668,2.271910699316912,9.554876412099363,-5.712497418521408
2000-11-04,-8.015394967902774,3.565511956755769,10.482013107446132,-5.612217411921413
2000-11-05,-7.602535637909371,4.4925234747249565,10.97315412488997,-7.116680721598215
2000-11-06,-6.469540150026479,3.5401716067407376,12.203835202868145,-5.699600977037022
2000-11-07,-7.4709906156756025,4.890788937027635,11.482110746926326,-5.155114938625288
2000-11-08,-5.578972160627484,4.929783440621498,11.607254440266267,-5.949332031483879
2000-11-09,-3.732323797030151,4.666260777817929,11.257446750307514,-6.351746559320555
2000-11-10,-3.9074917444038615,4.661689854043604,11.495500212743577,-6.536662439957185
2000-11-11,-4.570522032083151,6.003687808369653,10.678913747507561,-6.3808127355364865
2000-11-12,-5.99703493321571,6.4036533905274124,10.307440649576822,-6.847312640108339
2000-11-13,-6.47987371341199,6.4043307445360105,12.164732500902716,-6.920441540354823
2000-11-14,-6.899392290946977,6.669814950769552,12.735990336670783,-6.799298761250147
2000-11-15,-7.325850095181926,5.553818693833643,12.879420638049366,-5.690038637928858
2000-11-16,-6.3862661460071495,5.995044855605607,13.148744499150357,-4.966417603471711
2000-11-17,-4.895799005696527,6.476578987383916,13.873238688342225,-4.814283841166343
2000-11-18,-5.132533551628822,6.362598859010778,14.627240542313288,-5.423483101129173
2000-11-19,-5.752675465862353,5.197071240495154,14.999571047149956,-6.076709633535872
2000-11-20,-3.964718287961107,4.057431487322637,15.674748431977637,-6.564286442730077
2000-11-21,-4.946936426175241,4.305041976349169,14.676552633265327,-6.211420180287346
2000-11-22,-3.634862013239988,3.19829461213795,14.172798390253655,-7.502305131516845
2000-11-23,-3.283178237851,3.474282444704732,15.652154205388653,-8.254080771865983
2000-11-24,-4.148096549431579,3.43280432931956,16.43174257425196,-7.864449918763807
2000-11-25,-3.1839972036804527,3.5805764549317805,15.224794300064234,-5.74580368648291
2000-11-26,-2.9887467530089697,3.111485488487307,15.932379340134224,-5.619249481926204
2000-11-27,-2.6636770449766463,4.123937662591373,14.99620297173772,-6.493961541253814
2000-11-28,-2.0256568208077725,4.000421377343789,15.934019433560202,-6.769018056881389
2000-11-29,-3.0982138219036828,3.5643955384324353,16.276085611312848,-6.898074624196974
2000-11-30,-4.372352210919082,3.6202733096614086,14.563909201762621,-5.9593073022631255
2000-12-01,-4.14287733655216,4.454034312646883,14.172876048928734,-6.345747106552068
2000-12-02,-4.104437618634333,4.064464270586832,12.2465030017526,-6.8228298898407225
2000-12-03,-2.8256112316749613,3.9286656340171113,13.709448256258602,-5.309193877477967
2000-12-04,-2.503759555159473,3.42652460330127,14.153569814770702,-6.84628927973077
2000-12-05,-1.4998037632968473,4.42365235411078,14.337161028094135,-8.204551668077018
2000-12-06,-0.47823358859828424,6.192122456063121,14.193884412595098,-6.8306675200189
2000-12-07,-0.8423123276173301,8.036441855019945,15.231424094178482,-6.540776732860669
2000-12-08,-0.5776657400712863,8.245466953038166,14.927559090690464,-8.424587774516965
2000-12-09,-0.8031454197506918,7.445345571206167,15.423297688578781,-8.534670243061834
2000-12-10,-2.1121419626203197,8.320098110606258,13.75510909080787,-9.02718953665408
2000-12-11,-0.7493670832806514,9.614660162644526,14.915729650964172,-8.749830228722763
2000-12-12,0.05343047609734597,9.66842791192697,15.03466629105792,-9.705641989210774
2000-12-13,0.2077334614713137,9.839288211146503,14.238097551942746,-9.237160398506171
2000-12-14,1.0649315666437513,9.159381398712346,13.436905652694074,-10.139195007185046
2000-12-15,1.2726299648593216,10.24435569339871,13.92078013689481,-10.767075581325239
2000-12-16,0.33400040746673265,9.581941428673076,16.16008516792242,-11.820014454628826
2000-12-17,0.11164798239342125,8.410341664825424,16.063264675321797,-11.751164393704345
2000-12-18,0.27610390850470823,8.94537611452058,17.18542542721222,-12.120255252344634
2000-12-19,2.064592504356581,9.829747780290411,16.934477354451115,-11.80055149335412
2000-12-20,3.3079166739013304,8.637826033298934,17.586255887389555,-12.138371031765352
2000-12-21,3.493065909783379,8.232656707770586,18.8160508584063,-11.835627533325546
2000-12-22,2.9950358739117875,8.447575824422701,19.156019212362835,-12.16476845502228
2000-12-23,2.842867051071319,8.946228896545021,18.59142362038628,-11.584102435579071
2000-12-24,0.5342296847347945,9.290750953194312,17.412461160456104,-11.819122859979215
2000-12-25,-0.05260038733280348,9.343969296528574,17.56457167871485,-11.866266936279091
2000-12-26,-0.9277823610115823,8.313528754978648,16.494382837570882,-11.72080865523174
2000-12-27,0.6745130341078933,6.540423384100581,15.804085535459143,-13.321462973935361
2000-12-28,0.4191479608250659,5.6474054694792395,14.97121071230994,-12.42852466259534
2000-12-29,-0.8559240832759591,4.166569478119123,15.808983568203173,-12.513681207728453
2000-12-30,-1.900205149122235,3.877739278130236,17.93925178129222,-13.100269036732833
2000-12-31,-1.68416208495124,3.740272137971487,19.59023598211915,-13.292250631164489
2001-01-01,-0.1617186304428313,2.2365051674775542,19.164167568307352,-12.043114137209948
2001-01-02,-0.9372437603676534,1.4528921851843366,18.65795324665998,-11.740025962536212
2001-01-03,1.1240029960568396,0.609131381299304,18.3120461668799,-12.036167662427976
2001-01-04,0.024142986457394544,-0.40277072349928966,19.716952948892345,-10.547358870130635
2001-01-05,0.22599891569468653,-0.9784782255712151,22.49753549239176,-10.65524525141369
2001-01-06,-0.736908123575987,-0.5609918638415098,21.26143487274164,-10.750895603372813
2001-01-07,-0.2910900628052445,-0.6301061344515607,20.675287358275966,-10.890509478053842
2001-01-08,0.5537933741868688,0.1595122060505586,20.55665855896073,-10.962852658809975
2001-01-09,0.6749316259464195,-0.22439407888177926,20.491819899148847,-11.988798116026311
2001-01-10,0.6730581363857888,-0.5936531992043652,19.726331116060123,-13.359290146847465
2001-01-11,1.5994133526208545,-1.475557166109346,19.78829351003056,-14.555664211971983
2001-01-12,2.728570111481062,-2.691242233595985,19.8435803206,-13.902925750630756
2001-01-13,1.2559410518306298,-1.0276370825596086,21.697922669874544,-14.6443125341522
2001-01-14,1.154423389241943,-1.016414470136018,21.83004362739948,-14.112587106535313
2001-01-15,3.250938373138958,-1.4692209316258995,21.04606474402964,-12.466742030370497
2001-01-16,2.029223366112131,-0.5972484550727841,19.81240029689795,-13.40008407292425
2001-01-17,1.6808013957774106,-0.791738625617448,19.30626466200635,-13.726472069709834
2001-01-18,1.6782007673833637,-1.3893481121503526,21.400960770533416,-15.546509222456748
2001-01-19,1.8356007737112883,-1.002123472669154,20.669012169557373,-15.974023630009437
2001-01-20,3.5961188272153275,-1.8088117895511573,21.32651223193996,-18.573827314960877
2001-01-21,2.747614631143187,-1.1285331803012428,21.868446929151382,-18.524714653260375
2001-01-22,3.6936039828199383,-2.5532760430946477,22.880104044870002,-20.10786609918496
2001-01-23,4.3029025766246525,-2.1996173071727476,22.66676675256197,-21.75371907829085
2001-01-24,4.07353551138549,-0.8185863483163809,22.31530701576373,-22.402745571885045
2001-01-25,3.3171639873773766,-1.8641963075811467,24.671757487778702,-21.56453007444322
2001-01-26,2.010997454014368,-1.5092805111753136,23.789996361974968,-20.91467684722567
2001-01-27,4.638388423804538,0.09513489801861663,23.733499266440226,-19.70222804494212
2001-01-28,5.258854985113893,1.1664632464971547,24.364880744471208,-21.22604049054289
2001-01-29,4.503660158478275,1.2090842393649963,24.386857413628555,-20.98988443006825
2001-01-30,4.784747988433012,1.6249607831080093,23.72438977417637,-21.511206148932175
2001-01-31,4.422784952239352,2.4440384417457057,23.111383231285114,-21.374773065105025
2001-02-01,5.006212168446734,1.284947795766352,23.529440520247785,-20.360415288543596
2001-02-02,5.388282477764213,2.29710354024689,23.296000324996267,-20.290535635083277
2001-02-03,6.388086257581224,0.6968636125964098,23.407691111476144,-19.939759298717927
2001-02-04,7.253524507776404,1.3164515402774768,24.33566691728423,-22.514540027828755
2001-02-05,8.589660738430409,2.5121435038028226,25.03408829858418,-21.61103666598644
2001-02-06,9.999133627656139,2.3061891776982133,24.37715759176422,-23.700902155722645
2001-02-07,9.94199352581045,2.5821793220637805,25.584326281779703,-22.696772191947655
2001-02-08,8.390494785884167,2.7480109711259,25.06590868792258,-22.38676023056665
2001-02-09,8.463959252615028,2.2797017432705857,26.39388445779024,-22.04752004357344
2001-02-10,7.172033483656954,0.8219353183390057,26.706880153925574,-23.456567409948526
2001-02-11,8.09861077857304,0.9999063572729853,27.663734090316453,-23.029424008153587
2001-02-12,8.368903892667891,1.5699904337248052,27.73544213676142,-23.161056936861247
2001-02-13,8.239034112655217,3.477768168121295,26.85716461529993,-22.392612458849577
2001-02-14,8.066242559448453,3.1071213371121105,27.441667040323324,-22.07505499780766
2001-02-15,9.7154516362814,4.259169370861647,28.63378326343988,-21.80448719484785
2001-02-16,8.191330798523962,5.391904416351508,30.250813251133497,-24.037657082247872
2001-02-17,6.131237273185485,3.6536643437479226,29.73445611758723,-23.06374921395512
2001-02-18,6.176495360373856,2.787434094213509,30.16090790817081,-22.100085828714644
2001-02-19,5.21826889354201,3.3479213335777063,29.64963266917477,-23.849308013848454
2001-02-20,3.1832697446146505,3.3169494711619385,29.335710936571363,-24.804903560188308
2001-02-21,2.834102362020912,5.02049298434465,28.61984130278495,-27.136665082102844
2001-02-22,3.5059555933844653,6.061288214775939,28.82909123661357,-28.572715721614628
2001-02-23,4.812857871157175,4.889975250503067,28.493975330707716,-27.799866512803373
2001-02-24,5.529439739421412,4.409644403993966,29.34352751821531,-26.010795078003536
2001-02-25,4.2946356249392155,3.2837004442777427,29.526388489746065,-24.842972932921338
2001-02-26,4.0892871712301915,3.945809175772318,28.634592255776564,-24.61101223832761
2001-02-27,3.7512822491168376,3.8376408639619006,29.258784451537693,-25.922044186657182
2001-02-28,5.220390186760888,5.611871989249542,28.408213903355104,-25.38075929446947
2001-03-01,4.221853240644738,6.6849972819724215,29.29512263951581,-24.98287277906003
2001-03-02,2.887346811600672,6.474779070507372,29.162233901670668,-23.975653653400453
2001-03-03,3.0208631540808812,5.397663393994558,29.58897148241958,-24.98322298709972
2001-03-04,1.3704470318533615,6.174669998036482,28.19345858149594,-26.174784293511653
2001-03-05,1.5843923468265253,5.76548769777322,27.744599985502642,-26.079434543302092
2001-03-06,2.831451735083542,4.267577168625142,28.09435413580866,-25.760127883294597
2001-03-07,3.1314312085042992,4.679450205180538,28.463671169211686,-26.348450241824874
2001-03-08,3.6323388797489855,5.114734050543384,26.57745729920993,-26.783539240564206
2001-03-09,6.510781839965157,3.9981559331002945,27.687791142216714,-24.55613347970843
2001-03-10,6.288290478760777,3.9817813892688574,26.54435663804977,-26.481212468460498
2001-03-11,8.290030472589478,2.8539481188431868,26.972142651241803,-24.643457346368063
2001-03-12,7.94565753290793,2.704502305116098,28.280292974697193,-26.375487919521454
2001-03-13,9.284905270488943,3.67107363502842,27.960241132558533,-23.66573863583898
2001-03-14,10.088471740410688,3.7655131193040843,28.24427361843057,-24.16655483857994
2001-03-15,10.143006051866886,2.7663452030489584,29.50869251953048,-24.29051781066107
2001-03-16,12.040786302849853,2.609323303038151,30.362662287128483,-23.788602479320502
2001-03-17,10.915342795650988,3.634115599123408,30.45436326574938,-22.682192378740748
2001-03-18,9.464553889149382,4.923031299436516,30.011465310241995,-22.627137513655583
2001-03-19,9.257288507359371,4.997246132178477,29.704702127505424,-24.60777750948925
2001-03-20,10.362811507963423,2.4124019616057493,30.066667800969213,-23.747778379198266
2001-03-21,9.868751532991991,2.137161666805801,29.448206872101764,-24.853372558597393
2001-03-22,10.744309558011665,3.18925161631194,30.266970260485497,-24.621015662286457
2001-03-23,11.459351893628236,2.91306649262748,28.88675048917666,-23.374617577460388
2001-03-24,11.534997592234234,2.5386096722335165,30.249740945329755,-24.15336622913177
2001-03-25,11.284615114105154,0.6603442158816049,28.30813597175328,-25.79928353624122
2001-03-26,11.191635746396217,0.7920080501577307,31.019417863958925,-25.39546915667624
2001-03-27,9.234788709362455,-0.183625437380581,31.054654104640903,-25.390786673446335
2001-03-28,7.754899802493454,-1.7939285903268938,31.69276464029901,-27.259918438732765
2001-03-29,8.765930975408683,-2.620001654082778,31.367409713418652,-27.414698193817852
2001-03-30,9.304222866964563,-3.1488961838661864,30.291001790563605,-27.72335021400853
2001-03-31,9.27320983640548,-3.574930298097279,30.12310277943515,-27.91374018148382
2001-04-01,8.871073491879429,-5.649568964962983,30.68170074787895,-28.28752619815892
2001-04-02,10.034366203484659,-4.941247090734016,30.9769782858018,-29.049117818860093
2001-04-03,8.794584658111997,-5.120919812794644,30.723468192672907,-29.751067865521296
2001-04-04,9.175886983200645,-5.736835221705095,29.751477006452795,-29.908320970072033
2001-04-05,9.132775746764326,-6.212754630593072,30.99037341557509,-29.542769636853304
2001-04-06,8.83259511807756,-5.88737003071309,30.947607386763238,-32.20593586357462
2001-04-07,8.921887055583687,-5.7331561056113625,32.36368139380776,-31.79049096692249
2001-04-08,8.982491710184444,-5.543081735198678,31.529184786492205,-31.922404215475193
2001-04-09,9.048666515013187,-5.7005942500875495,30.80834512632594,-31.68573186339227
2001-04-10,9.55895652882861,-6.270462186917007,30.400070038209734,-30.729798311450278
2001-04-11,9.65765298091276,-5.21829198861428,31.5674285559437,-31.36542721023902
2001-04-12,10.34804619883299,-4.71343876280903,32.22800570354856,-32.23180240819549
2001-04-13,9.48073886290314,-4.504934854873577,33.45405967822248,-34.288970042247044
2001-04-14,8.9600600025181,-3.122717595883567,33.11621691087511,-33.468672662810775
2001-04-15,9.192214000887311,-4.257861582044376,32.38440512571811,-34.00219064122833
2001-04-16,8.05089725519928,-3.028862381364097,32.76300238061476,-31.841730120481465
2001-04-17,6.30457092906869,-2.9839975121271642,32.41460332274999,-32.04421977334362
2001-04-18,6.450872655712246,-3.333119644392417,32.23995997795421,-32.87056446311257
2001-04-19,7.133039998292516,-3.885310261781128,31.857698396155083,-34.123681952343055
2001-04-20,6.921576187380987,-4.246681942168689,32.83402545248164,-33.5536405404138
2001-04-21,6.597923160931807,-6.204475180702541,31.683646249504996,-32.560137111367105
2001-04-22,7.952856694357954,-7.485253903610078,33.80011159054171,-32.165873240408075
2001-04-23,5.6344382573114435,-9.160650603651868,33.94074684814294,-31.523228474556465
2001-04-24,6.333478660722705,-9.696227535754476,34.05896219454449,-31.535864758019812
2001-04-25,5.905105393086894,-8.60231765269824,35.079042058758034,-30.86282596660331
2001-04-26,4.870334448356116,-7.920401570670457,35.26982225375567,-31.482710382907374
2001-04-27,4.157570557442771,-7.06624275031835,35.98199792590862,-30.782520780239018
2001-04-28,3.6069251419039263,-6.836542165931283,36.68073594038183,-30.661831370534284
2001-04-29,5.213450060566963,-7.10067577313961,36.97440564238318,-30.08591001581941
2001-04-30,3.9446033056099896,-7.323583840742405,37.4389902616236,-30.012787028574774
2001-05-01,4.860552972896097,-7.17569215330703,38.32739304325113,-30.70550022878909
2001-05-02,4.753932995775263,-6.210969355338834,39.094455948520356,-30.383703753871515
2001-05-03,4.529975768457012,-7.517721474259815,40.79628868859528,-30.478393197306534
2001-05-04,6.413026581904141,-6.104054497485958,40.9041299085216,-31.432977086450762
2001-05-05,6.5026220743977925,-7.040729011866024,38.35886193060978,-31.265903680565046
2001-05-06,5.414720267337168,-6.421477942555069,37.12340708011613,-29.81493261051723
2001-05-07,5.217323966928719,-5.9628552483093795,36.04503431176291,-28.810378256070678
2001-05-08,5.6189243736025,-4.836896763603184,35.542051399705656,-28.593473319939413
2001-05-09,5.566900132163739,-5.824341663809218,36.694726722510936,-26.95851163861406
2001-05-10,6.406767816387099,-5.542732104001813,37.25489878571112,-29.063369795775934
2001-05-11,6.538773868788922,-5.736832150886293,36.80350818942476,-28.157300363459346
2001-05-12,6.648091114658361,-6.523389286374501,36.36382603334978,-28.320767360349098
2001-05-13,6.335881679407368,-6.084183171365263,36.319306069749985,-28.23923443691421
2001-05-14,7.687865826708096,-7.91426673987071,37.40940505157632,-28.871254560066674
2001-05-15,7.141337730777141,-8.294724629892714,37.668480613149,-28.238061647648827
2001-05-16,6.967988259775503,-9.36431507140586,36.58261291474655,-27.359673294729227
2001-05-17,8.402324055863687,-9.820275263852325,35.260185305114106,-26.825279957686213
2001-05-18,7.220511049201727,-7.642834210879503,34.71083631520678,-26.698374605346157
2001-05-19,8.096476879512705,-6.752716053859564,33.45108647146145,-26.476577237972556
2001-05-20,8.90745640904371,-6.501270473975461,33.19794311500854,-25.326284060806987
2001-05-21,8.034268227856321,-7.493237088598793,33.51021130266042,-25.08646682857119
2001-05-22,7.8316585999437,-6.134292212319836,33.71469488740497,-23.223965970170358
2001-05-23,7.089174100055754,-5.675492453470933,33.232797529927154,-23.91608710380694
2001-05-24,7.644269326873671,-7.104391824310071,32.20150702353842,-25.470151251212
2001-05-25,9.097343187437952,-8.174655829327504,33.41008028410628,-26.443650088034346
2001-05-26,8.47559379262788,-6.522221333403476,32.04684809662274,-25.403801792289936
2001-05-27,8.392867709494354,-7.721032543360937,32.47962993177036,-25.801632527990854
2001-05-28,7.495094364024402,-7.741758052128238,32.92438480490116,-27.13054225007268
2001-05-29,8.456387493838951,-9.092984265434882,32.384363286239704,-27.119420883488935
2001-05-30,9.721695674874123,-10.286976440506985,32.13808203108694,-26.863601540404186
2001-05-31,11.74981487911702,-10.021873241567915,31.276221997362114,-27.493853479799423
2001-06-01,11.985885789153642,-9.434306517955704,30.637015471815157,-27.978384657937653
2001-06-02,11.746708957084113,-10.698178654975667,33.269544004787974,-27.644443957713616
2001-06-03,10.334195010237764,-10.443139265209066,32.711832004543986,-28.82501208870148
2001-06-04,11.789966047674136,-10.652910370670158,33.300412489630354,-28.74060014627938
2001-06-05,13.382622317544177,-11.516815350307702,32.335936668613165,-28.754584978113407
2001-06-06,11.9169597131549,-11.519189822315067,32.113126930131855,-29.639945782472132
2001-06-07,11.203370524437076,-9.292810380525843,32.070818333514524,-28.51847540409432
2001-06-08,12.655206023335294,-9.046307588658703,33.28454066921672,-27.673304390921064
2001-06-09,11.237777812825726,-10.499129263428811,33.623447265480976,-26.654624053028126
2001-06-10,11.031843519283619,-10.619840000565917,33.508686112014864,-27.6992987433081
2001-06-11,10.54062201265728,-10.703755270932152,33.24413431573095,-27.014814898509307
2001-06-12,9.506639745651436,-10.99859846394889,33.60260107976409,-25.931962894772212
2001-06-13,8.36886917760733,-10.879095602863723,33.18617123502336,-25.842425681997636
2001-06-14,7.646536047286132,-10.198829679424081,34.55572230546983,-25.934676239375666
2001-06-15,9.694782468701263,-9.9352160486647,34.582644384285786,-26.203414994494107
2001-06-16,11.211600790096298,-11.922515765007374,34.21067330550046,-26.340289187118596
2001-06-17,12.904269671133898,-10.095128814755329,34.83446437102071,-26.46916764920515
2001-06-18,13.723889707787768,-11.981694644835652,34.50427411013263,-25.507006462337802
2001-06-19,13.011191508933045,-11.895623149893911,33.603699156049075,-25.28880161670968
2001-06-20,13.300678957540867,-13.83262589877647,32.99608665713041,-24.763798745273434
2001-06-21,14.44482868881456,-13.96417599958394,32.7180794236735,-24.651852834704584
2001-06-22,14.09962275597931,-14.757689985219804,31.83921241147818,-24.655230644150272
2001-06-23,14.137935147449005,-16.383056323775072,30.471623053769473,-23.541939055703644
2001-06-24,13.601908590420276,-17.956724838112027,30.811299704872066,-25.024881045985182
2001-06-25,14.003921595164863,-18.474472834505143,29.034014990030705,-25.851828614551305
2001-06-26,14.002674860199782,-18.93443490273143,28.758151725065645,-25.70023521074574
2001-06-27,13.281653300180418,-19.346549027264423,28.85971707420436,-26.04641596061322
2001-06-28,12.35312841172972,-19.656036918644222,30.332088152035123,-26.263212097045486
2001-06-29,10.814775815478505,-20.167313620407562,31.835893716461317,-26.564819499804923
2001-06-30,11.050043143030512,-20.091453646792804,31.194133993917173,-26.924866413830895
2001-07-01,8.82504285656331,-19.184711921462757,31.574634955513904,-27.156857357976428
2001-07-02,8.192970309094676,-17.55926735432409,31.599903683636626,-27.41630912634972
2001-07-03,7.258470699287985,-17.36439489076609,31.96492971161571,-26.407396488182187
2001-07-04,5.586636064640175,-15.348828871421137,29.240789335931563,-25.491746969405664
2001-07-05,4.8856146710072155,-14.730234318249286,29.34280388026974,-26.573881553521403
2001-07-06,4.890330528070736,-15.344079176349677,29.330518463121084,-26.371979153899982
2001-07-07,5.953018986428299,-13.383589080999666,29.27786529085211,-25.22283679910354
2001-07-08,5.566392825027099,-12.952980677413409,32.34515301112549,-24.745166149395136
2001-07-09,5.944190979180129,-12.879835320202096,33.68796949299766,-25.460304004956015
2001-07-10,4.578902184317667,-12.917909847945308,34.11042014863251,-24.949079616748698
2001-07-11,5.517582786468898,-14.799837075856622,33.750206873338676,-24.79654149657207
2001-07-12,6.405484028206631,-14.061938511582467,33.90740926242231,-26.208207639106686
2001-07-13,5.506057614622036,-16.699086372452623,33.830106904000495,-25.981235617229355
2001-07-14,6.241736390604442,-16.393767323356297,32.05702993768813,-26.834485235548097
2001-07-15,5.464440493589928,-15.395227238989765,32.95221794493505,-27.016104443398923
2001-07-16,6.80830854954517,-15.9764711936131,33.13657351944566,-27.288593355475548
2001-07-17,5.655855432882834,-16.22030600941265,34.11839094421934,-28.743520094368364
2001-07-18,6.175361527784934,-15.026481764098142,33.79291786629539,-27.36018580486801
2001-07-19,7.547181604136066,-14.373790253188425,32.755403864256635,-25.87274426265349
2001-07-20,7.255828129195813,-13.908686483433994,30.793359934543492,-25.58581743638666
2001-07-21,7.102067242450133,-12.773984935280508,29.770888269691206,-25.52705906503248
2001-07-22,7.096779579313618,-13.00130436074683,29.19675429252199,-25.002106079447636
2001-07-23,5.623853924072905,-12.962071513317882,29.87446108861001,-24.98823645798264
2001-07-24,4.788475629606958,-12.746370648052931,28.563197952194017,-26.341520444431115
2001-07-25,4.2619981410434615,-12.250569238951512,29.36649533337618,-25.83624175727095
2001-07-26,4.253118031248868,-13.52956779708656,29.003096781887663,-26.432314214855232
2001-07-27,4.028175092917749,-14.006013508989172,28.790105388671787,-27.456646052279645
2001-07-28,2.91193283751665,-14.997040474897771,28.29634792972542,-27.780651384960407
2001-07-29,2.4267184708107576,-14.180261914179226,30.107204154771644,-27.026346803687712
2001-07-30,0.9294133122926376,-14.632789985704811,30.325563546084158,-28.16627178603079
2001-07-31,0.8634686688676382,-13.2933342036704,29.97551522507834,-25.37427749556995
2001-08-01,1.951952517402415,-15.47442116781462,30.40317762292877,-24.379584162528893
2001-08-02,1.2416786692626973,-15.803558650779236,30.253265467067052,-23.379098489813426
2001-08-03,2.4099534727436196,-16.538269252546957,28.84495770788118,-25.499772265887593
2001-08-04,2.8031478201705284,-15.814765454785634,31.862424138885867,-25.16676708233388
2001-08-05,3.3645943387003254,-16.618598490491422,31.201577464522533,-25.681061034836883
2001-08-06,2.2367351088006235,-17.097142502315915,31.533978530320923,-26.3758135263714
2001-08-07,2.9338344657605515,-16.536493487991727,32.04564881812887,-26.933676195152056
2001-08-08,2.492967302826919,-15.617936963581231,32.459936295419276,-27.070497566620926
2001-08-09,0.6805634697933098,-15.893023102375638,32.01929628939523,-27.040323009173804
2001-08-10,1.556079898948814,-15.970788329202282,32.19930241370001,-27.515754824478055
2001-08-11,1.5956164270910607,-15.38872612404676,32.25500446516778,-29.059055977953264
2001-08-12,2.982119834670117,-15.093036660372064,30.636690428654862,-29.630620743341126
2001-08-13,2.967508623000312,-15.202003774583053,29.95468436039928,-29.31151674648705
2001-08-14,3.1197581665409175,-15.686355230246004,28.695268880441226,-28.853268050249156
2001-08-15,3.7384530973189913,-15.878194576333367,29.0388619086904,-28.780554682959202
2001-08-16,2.7996631889287285,-15.673875214759317,30.78087307196604,-29.415485815416567
2001-08-17,2.0426215615472367,-16.540562685940277,30.75740728780804,-30.819148133505248
2001-08-18,1.1552539873268557,-16.649360194484085,31.78386691486571,-30.992484578001907
2001-08-19,-0.08132150980568631,-16.753970275028287,31.64746417972826,-32.73859179034455
2001-08-20,0.24052554698934364,-15.292793415081226,32.85709504792031,-32.78449850533752
2001-08-21,0.9563961873613955,-14.565286041162349,33.92368761210276,-33.80680641666582
2001-08-22,-0.7618256577862248,-14.250914364159101,32.69833288139153,-31.779312373878255
2001-08-23,-1.4249996532580718,-14.353799453191975,32.594969935759124,-31.658605385843263
2001-08-24,-2.0704474311817367,-16.529092476471103,31.21403885565862,-32.544980265001854
2001-08-25,-3.8589400492374826,-18.120819540630883,31.093040244419534,-31.53636338662486
2001-08-26,-5.968949222065449,-18.204157440094576,31.17217910242372,-32.098800836646774
2001-08-27,-7.400390093597545,-17.318348910074953,30.11590934331753,-32.37694066559163
2001-08-28,-8.20801544637387,-17.121878563208405,29.629287308588673,-30.703152573189513
2001-08-29,-7.505169185441069,-15.438391186591797,29.197342178298108,-31.667070436109718
2001-08-30,-7.275022100904043,-15.653317812904191,30.406135277370414,-31.119850439775895
2001-08-31,-8.056013408399162,-15.566173080359198,28.3701946619979,-28.80477971736252
2001-09-01,-9.010947605011898,-14.49729405865385,29.03123102229758,-28.301115031394243
2001-09-02,-6.5458227169477325,-14.595339545745023,30.532119083622682,-27.568076536824897
2001-09-03,-6.579963752224707,-15.105162361927164,29.37614040215124,-26.54284019527235
2001-09-04,-7.523755854932697,-14.258113883148035,30.519241699457222,-26.665022638823846
2001-09-05,-9.384616270818656,-14.203953114450297,31.594434018765046,-25.900432153726342
2001-09-06,-9.878762682693047,-13.710901684131372,32.24946458491945,-25.883192520152946
2001-09-07,-10.878012637457465,-13.669749391298048,32.098112514209156,-25.42619496100044
2001-09-08,-9.969776032554117,-13.786093105145367,31.153411882328314,-24.798396245368103
2001-09-09,-7.829312813430722,-14.142453846524056,30.906778419764084,-24.668225338158397
2001-09-10,-6.968520157556826,-13.8493918595474,31.189299438213226,-25.522455503157616
2001-09-11,-6.000282108821097,-15.846596968071257,32.116311448945694,-23.851165546490638
2001-09-12,-7.15390446818376,-14.952948745247008,31.790727736742383,-23.48894884191558
2001-09-13,-8.67222357841742,-14.706586836021167,31.719506632871287,-23.097705938183324
2001-09-14,-7.795248186107214,-16.24051241737905,30.411915687669783,-23.72085184530668
2001-09-15,-7.557823106101894,-16.080793209764888,31.230155257592823,-24.60584749001639
2001-09-16,-6.218155766593588,-16.125602696977463,32.76716383841926,-24.975052177926976
2001-09-17,-4.799739695417186,-17.60294257505494,34.15260895834539,-24.949571217977017
2001-09-18,-5.646912123331889,-17.31661341648657,34.246808221077984,-25.684342610006986
2001-09-19,-6.4187959154852505,-15.73920810902058,33.867731823059955,-25.223381074349103
2001-09-20,-8.820509432343643,-16.036483460773038,33.5171497232599,-24.362169588208175
2001-09-21,-6.552504575097769,-15.636944053386024,34.13088336788549,-25.04245307672603
2001-09-22,-7.2387014417090185,-16.42192582325422,35.99274549448687,-23.54233888979409
2001-09-23,-7.332833893866717,-15.19979251352779,36.22136750131127,-23.610729951164835
2001-09-24,-5.847375349881749,-15.772016764166267,35.331983528877245,-23.08847264271499
2001-09-25,-5.006470089993792,-17.1896702184822,35.93937694195439,-23.228971779655993
2001-09-26,-6.173938717451308,-17.766613225147438,37.22927084120835,-22.746335081252866
2001-09-27,-6.821076107588881,-18.975115890615296,37.16193082792864,-22.783345842200184
2001-09-28,-6.11139299222264,-19.30134527986177,37.46950313412269,-23.459753857224655
2001-09-29,-6.29152167303948,-19.350565915515844,38.52179750028471,-22.810142299667604
2001-09-30,-7.173249164784286,-19.09147832434454,38.58249967213569,-22.917849014330653
2001-10-01,-9.20909870102173,-19.369423988057033,38.29721944979581,-23.452462909074946
2001-10-02,-10.562283310944007,-18.61048158902284,37.950795966958346,-24.22095040586516
2001-10-03,-11.015484548122673,-19.105820879264527,37.27565765694569,-25.041242707850785
2001-10-04,-9.135941702042768,-18.002094193182415,36.65510251354598,-26.001910028637987
2001-10-05,-7.684844683862039,-18.134013948320096,38.820726369138065,-25.48260854218427
2001-10-06,-7.985665652355396,-17.86065472152723,37.93056657018425,-24.113601162626274
2001-10-07,-8.791605493847992,-16.975376512842313,38.12818357253869,-24.406851476049887
2001-10-08,-9.234786855294407,-17.18488153240143,36.81661368084489,-25.62097258414842
2001-10-09,-9.621636322112746,-17.13785601750529,36.60410122811989,-24.6981194644151
2001-10-10,-10.064225663009257,-18.304994827277827,37.987377613341465,-23.386823209497877
2001-10-11,-10.061630055589596,-20.212746727525108,37.41014034342979,-23.572780003447544
2001-10-12,-11.899210098601833,-20.367375451353464,35.48688431961917,-24.381190960734823
2001-10-13,-10.94084477398079,-19.226360619453335,37.085792717874114,-25.228815740497183
2001-10-14,-11.448855220094517,-19.683536437140994,36.66694578018464,-27.185436475278035
2001-10-15,-11.207980786221436,-19.07684220203284,36.575324473390076,-27.47661360636167
2001-10-16,-12.360366720218593,-18.514182135416814,36.27716235257029,-27.09410451739295
2001-10-17,-12.843602428946603,-19.3015705864544,38.88446202450662,-26.44889547616204
2001-10-18,-10.587334139746037,-20.392990291126065,39.805152659761056,-25.335584106983944
2001-10-19,-11.883349308747052,-19.06721898145047,39.20599964630373,-23.37074147488078
2001-10-20,-11.853525586598272,-18.828808053026087,40.1715729145394,-25.12093625344222
2001-10-21,-11.68615684617065,-18.680654538571517,39.47825747012973,-24.315550202056937
2001-10-22,-11.527002147582207,-18.75479207853297,39.87538016959658,-24.274953710032978
2001-10-23,-11.280154741140736,-19.464201776447506,40.37307330546144,-23.913562763613157
2001-10-24,-11.206268604345405,-18.302560461337123,40.06227907841736,-23.468934756153903
2001-10-25,-11.947107403739352,-18.21312263977675,39.950681351771486,-24.86141099895075
2001-10-26,-12.126526472267454,-19.504255370000937,38.14088830053752,-26.065412392262935
2001-10-27,-11.633526788000221,-20.119256578866796,41.0084343310319,-27.40863747925722
2001-10-28,-10.741184758353196,-18.812068840363416,41.54607715323833,-28.053240375802396
2001-10-29,-10.466630925938114,-18.147220023810124,42.13905126415921,-28.40429083259761
2001-10-30,-11.330807612654567,-20.274376373940996,41.611170965382335,-28.733884801411953
2001-10-31,-10.274727735027897,-19.43474057726133,41.97736696734192,-28.625969152746684
2001-11-01,-9.791469313096815,-19.333392528374613,42.302473212878255,-28.788867161774903
2001-11-02,-11.223267120323651,-20.828517016459084,42.32994483619818,-29.2449525043311
2001-11-03,-10.944763618758742,-20.237666338443326,42.82429559270196,-29.08908386887244
2001-11-04,-11.842861996991704,-19.932148791777372,41.20261781326156,-30.332344327714306
2001-11-05,-11.848799458490626,-22.235224132468527,41.88792736309202,-29.499462758187743
2001-11-06,-11.475747509821376,-21.23165838913462,41.24884528073021,-28.240114006720336
2001-11-07,-12.235512703292809,-20.080220394571086,40.21036371542039,-25.527969445191914
2001-11-08,-11.258111996471818,-18.55810485662028,40.000342761151536,-25.55290251560194
2001-11-09,-12.4475336457202,-18.657007242066562,38.45468918303964,-25.14419148998236
2001-11-10,-12.526832507781274,-18.661259207022976,40.06881961931117,-25.94913461528514
2001-11-11,-13.88386007580924,-18.588534152955084,41.1718452762162,-25.306826669861216
2001-11-12,-13.761625951189343,-18.479080940313278,41.91387192664278,-26.103542971801232
2001-11-13,-15.125088992391785,-19.499625591061882,41.746690850103995,-25.8253829062971
2001-11-14,-14.98510767618184,-19.687949825163564,39.691792155556406,-26.14293002165439
2001-11-15,-14.239951208585543,-18.978069523740874,40.18671133488846,-24.51823235399884
2001-11-16,-12.910798599004645,-20.349218798391448,41.2002929334788,-22.922756464101095
2001-11-17,-13.86275712192592,-21.72369859768819,42.15426125583129,-23.278840475112496
2001-11-18,-13.912422591224278,-21.770552074950245,43.03288453483328,-22.769423134438462
2001-11-19,-14.150449099609778,-21.817737535305326,43.28265053215117,-22.80213398549283
2001-11-20,-13.10987070175558,-21.694797098834393,40.717712654480586,-23.188531944704312
2001-11-21,-14.451755050103037,-20.92411415054287,40.878522458142086,-24.650113118204303
2001-11-22,-16.17668897652124,-21.247285099702943,42.600974354867766,-25.861509974019974
2001-11-23,-16.69988169200657,-20.963855227784524,43.482104207226506,-26.45004284110639
2001-11-24,-16.2604778683911,-20.175997467555124,44.2262060879322,-25.505658319283413
2001-11-25,-17.0831178922025,-18.265815614347503,44.00981275426516,-24.992374456237627
2001-11-26,-18.590395397098693,-16.85022067397348,44.59910512150915,-25.396977682946414
2001-11-27,-18.770600150611422,-16.204914626801774,43.216740731195344,-24.81590736053946
2001-11-28,-19.273257310759764,-16.770123991011083,43.74637292159873,-24.43657666907775
2001-11-29,-21.01403195424409,-17.183336831647726,42.959299538573674,-23.810543282574166
2001-11-30,-22.54526226660017,-17.39418585233339,43.38385370678114,-21.957335859059548
2001-12-01,-23.87253927299514,-17.549048318987477,43.3554095760991,-21.38339393386988
2001-12-02,-24.231311197555378,-16.291876393330796,43.32614077475379,-21.45276779909942
2001-12-03,-23.09448546023834,-16.240969854881197,45.75962231036074,-21.268408073669473
2001-12-04,-22.135311260592665,-17.785792808336854,45.41521195128882,-20.794518303662066
2001-12-05,-20.63586261847557,-17.374205641666524,45.887205128794754,-21.07066584131589
2001-12-06,-18.89391368336303,-16.779670206840095,46.584407211445516,-21.319623463288455
2001-12-07,-18.76042392084509,-16.43261755701593,46.71263086707593,-20.349950865909975
2001-12-08,-18.96962325056548,-15.647360578572961,47.42447958672987,-21.776358057060555
2001-12-09,-18.529021064365516,-13.980881534054195,49.012544091184246,-22.919711839349343
2001-12-10,-18.66599858163273,-12.98303286818666,48.245233805935,-22.789934769225663
2001-12-11,-20.293962333656005,-11.903988790994303,48.4705405226544,-22.19856714441444
2001-12-12,-19.02541888267052,-11.788249297468655,48.23155983759276,-21.41291969181738
2001-12-13,-17.743443245063546,-12.440484377887557,49.14055346553483,-21.34958397699852
2001-12-14,-17.415112435591844,-12.077418079163046,48.10674409091634,-19.71359822977605
2001-12-15,-19.806532353896856,-12.096254357790665,49.65565253547421,-19.86529109732441
2001-12-16,-20.289319182676333,-13.661756402008093,49.85061356138695,-18.11606818466016
2001-12-17,-21.682295645161354,-14.317671005939271,49.222554501383584,-19.164710293272176
2001-12-18,-23.135347706720353,-14.174998237756894,50.451539714173194,-18.544109673226263
2001-12-19,-22.67662527109331,-15.396240401564704,51.9027403517327,-17.818688270791736
2001-12-20,-23.969682447564125,-14.522601314135768,51.839801403950986,-19.224087248488356
2001-12-21,-24.36362038795286,-14.928427118190159,52.5881845514386,-17.916299836831055
2001-12-22,-22.868023926065476,-14.646034528730794,54.35493829651752,-18.80638463535911
2001-12-23,-22.755308696782066,-13.660567383777938,55.3867578006277,-19.296462690787347
2001-12-24,-20.96890399906638,-14.308761165259227,54.97133585301503,-20.169859091606206
2001-12-25,-21.627535546310458,-13.871086390813817,56.00254423704436,-20.043612090252363
2001-12-26,-21.47980820804668,-13.311374126486546,55.50960884871532,-17.732168927605244
2001-12-27,-19.59990206928265,-13.00479077609946,56.69572933183051,-17.78131263067163
2001-12-28,-18.717819009120912,-14.627087377258942,56.69711230882483,-16.93304002621542
2001-12-29,-17.88066259602208,-14.598093151374583,57.10908220129875,-18.054527983444345
2001-12-30,-16.3775545268478,-15.400780688478793,55.632250785620315,-18.263892132108825
2001-12-31,-15.252907554264324,-16.216341863128687,56.25714304714529,-18.528099723005706
2002-01-01,-16.922515414129546,-15.476707123627088,56.00011134664883,-18.368702350585522
2002-01-02,-17.92374421167021,-15.739479290233053,55.874561134173526,-16.308047530595886
2002-01-03,-18.23830324739751,-16.437959564660694,55.28809177991238,-17.20761731830142
2002-01-04,-19.90541030795495,-17.032059961716307,55.10552010291747,-16.38223603356144
2002-01-05,-19.43669698474142,-16.463220420813837,54.4038253599878,-15.392768165595015
2002-01-06,-19.789922487465017,-17.696724653004512,55.24583187615986,-15.2245089602812
2002-01-07,-19.28926280998635,-18.046816024642474,53.93841519321844,-15.011330791683621
2002-01-08,-18.113107939733904,-18.385219192448286,55.41019784389039,-16.180254256553447
2002-01-09,-17.970418619423143,-19.68128002608857,55.380002869067866,-18.682288793442645
2002-01-10,-17.74613184620696,-19.527876840679834,53.20366173243879,-19.81168582488122
2002-01-11,-18.419031332469583,-19.631394845719868,54.49374743754269,-20.28813641225749
2002-01-12,-18.07159547189721,-20.200112787100103,54.74109454295385,-18.489345789040307
2002-01-13,-19.266955710229475,-21.30739513679941,55.654459168101546,-20.040057689171903
2002-01-14,-19.160644710259163,-20.897715830322237,55.2344343245502,-19.47297440028943
2002-01-15,-18.0369002804738,-20.154419587391747,55.62095824061572,-18.38422186961417
2002-01-16,-18.06841781082944,-20.360535814698466,57.13301210223256,-18.781480752310873
2002-01-17,-19.132963912866895,-21.746378387005084,58.474913810154725,-19.293401486137377
2002-01-18,-18.876800402353304,-22.339619429373663,59.337755386454624,-20.008906041212907
2002-01-19,-17.876913339900906,-22.068991612460938,59.934308623031804,-20.715700301914914
2002-01-20,-17.850108544302234,-21.66691413048444,57.9811397459647,-20.851256021357354
2002-01-21,-18.03783554499784,-21.54527626531353,58.15265651046387,-21.300195778151753
2002-01-22,-19.06890432195525,-23.151243935492914,57.345781942536455,-20.898728581819025
2002-01-23,-19.061250430874207,-23.608207284207197,58.91140582915727,-20.769367289543034
2002-01-24,-17.817993764233353,-22.764334287936197,58.96176264346557,-20.175304233657116
2002-01-25,-17.652291817491328,-22.93623629360822,57.677212610283675,-21.47808761111886
2002-01-26,-17.68571743184711,-22.059862881504746,57.480134238514474,-19.961827639115388
2002-01-27,-17.690357969708455,-22.499184724926575,58.00460399103209,-20.512444659854825
2002-01-28,-16.71390486318121,-24.68933261272905,59.00376936332792,-20.922452029370604
2002-01-29,-17.288688286402678,-26.345724442807523,59.65944872208569,-19.770971401974315
2002-01-30,-16.932956587857507,-26.301776578099194,58.371156423089,-19.677749782898427
2002-01-31,-17.94011311894313,-28.619691935305305,58.30946024041176,-20.036991867954946
2002-02-01,-18.916884751182497,-28.08075249677161,56.458441919669966,-19.831381860434888
2002-02-02,-18.411196097222536,-27.575002442216146,56.35619547838855,-20.233159595461032
2002-02-03,-16.91616715248032,-27.27171243452167,56.76085360802443,-19.732004345424496
2002-02-04,-15.938794367557543,-26.561630264942153,54.67461052135679,-18.426363416485525
2002-02-05,-16.40539442599576,-26.02156765858979,54.782323136256586,-18.408931115641174
2002-02-06,-16.494466702758864,-25.089780782666228,56.332869500046854,-17.76754279104307
2002-02-07,-16.137576175268002,-25.6264516416599,55.107427811671194,-17.28826607005819
2002-02-08,-13.949216937111334,-24.765560482678065,55.47080279575299,-18.42200594932979
2002-02-09,-13.342982365702744,-25.279116683498025,54.090314703906,-19.560312787050165
2002-02-10,-15.205231987211963,-25.333093548939093,51.54387173425863,-19.530098533929593
2002-02-11,-13.20643892168893,-25.460703746428543,51.47323798224402,-18.58219941262152
2002-02-12,-13.45695772623037,-26.027191819983088,50.78746922763871,-16.93333405900619
2002-02-13,-12.75333950435065,-27.021381970265846,49.83906340502508,-16.547253422429453
2002-02-14,-12.381570897171741,-27.905766374539883,49.50206309492159,-17.616169383979216
2002-02-15,-10.355004781087615,-27.116974233218734,48.672714808811364,-18.647503425158607
2002-02-16,-11.039778352836164,-27.403206583854274,47.433242979602056,-16.47576124089502
2002-02-17,-12.28993295724392,-24.859807929251957,48.40706074587357,-15.909172555781067
2002-02-18,-12.705949527253058,-25.678229541456123,47.96680720587422,-15.825580411810098
2002-02-19,-13.55253688744682,-26.373313163395775,48.38140821206829,-13.96105350146286
2002-02-20,-12.047314166038742,-26.543337155082288,49.90780285575144,-12.206453610991602
2002-02-21,-13.24103786260916,-26.672081523320692,48.082814787108966,-11.056453181148242
2002-02-22,-13.518163061008186,-25.983482339312562,47.502529551110946,-10.357898416875054
2002-02-23,-13.499568268426525,-25.887272406872658,48.00988818745783,-9.637348501580606
2002-02-24,-11.93193621314575,-26.206359262262943,49.28691083144593,-9.32644495928947
2002-02-25,-9.55566232164769,-27.746539157733906,51.79906730044441,-9.92567146015214
2002-02-26,-9.89250319133538,-30.313872307606555,52.441156135808434,-10.595465744636565
2002-02-27,-10.196025858275059,-31.199683462473452,52.49000309063332,-10.605974904489141
2002-02-28,-10.618434532521654,-32.79135820894483,51.301917411247736,-12.388143754898199
2002-03-01,-10.103792696606448,-33.31988230449212,51.11597265814307,-10.408252418344528
2002-03-02,-10.452509732157875,-32.19973840937631,50.05850272946102,-10.790562564872117
2002-03-03,-7.603837106726939,-31.765834190971958,49.62467585408567,-12.96024509110227
2002-03-04,-6.919507809426711,-30.075175474864782,50.04624961435124,-12.906936638405208
2002-03-05,-5.520203497174448,-29.102345119943788,51.12346868051007,-12.421282775284116
2002-03-06,-6.207078677290887,-29.025824028193313,52.25215657091845,-12.300475427907735
2002-03-07,-4.771274555101378,-28.792359894563038,53.58930514635381,-11.84460149608537
2002-03-08,-6.300869640895511,-28.902262704098376,54.27831374173987,-12.397952464352013
2002-03-09,-5.111107490899787,-30.402113078548872,53.85011617951851,-11.892550739986985
2002-03-10,-4.939003602942757,-30.38879326318436,54.218260711400205,-10.253182628384955
2002-03-11,-2.677071609522872,-29.427429398073848,55.57672396813102,-8.455845598077017
2002-03-12,-2.4696843854088746,-29.767983564444506,55.158970553304705,-7.4006816343943385
2002-03-13,-1.130615675185457,-30.551984867020977,55.36992564870843,-5.498300496877024
2002-03-14,-1.8538654567429,-30.474222751723122,55.67872762884298,-6.589882488809446
2002-03-15,-3.0557595488281706,-29.00031101029921,55.91484238721311,-6.146904610053873
2002-03-16,-5.494069691738167,-29.34022514081209,55.6036841546646,-5.8665735224862585
2002-03-17,-6.849783194679515,-29.400512679761444,55.32279779481017,-6.58970109544589
2002-03-18,-4.393720979040962,-29.737001118450486,55.74061930196458,-5.105782226307819
2002-03-19,-4.557997291922484,-29.703818946514225,55.71447303991447,-6.198886328957308
2002-03-20,-5.9339248261117294,-29.12757944434817,54.73178314654385,-5.756293634048102
2002-03-21,-6.4111731774065195,-27.445518028926177,53.68554711221189,-5.789627705125071
2002-03-22,-6.738488746191682,-25.90419538983808,54.514027124546594,-7.159378126937099
2002-03-23,-6.638971330608171,-28.01519472831916,54.576951543608864,-7.388826711879342
2002-03-24,-5.941176265011628,-26.957394900382326,54.22928805832752,-7.678807757761693
2002-03-25,-5.3084077904323275,-26.209692115967627,54.20160350222377,-7.864399720318999
2002-03-26,-5.727172929950136,-27.304736174126816,54.613811634042065,-8.048970052308258
2002-03-27,-4.455900479617339,-24.148972941910053,52.79708288818485,-7.674880880385035
2002-03-28,-4.1647644996666955,-24.62522640325651,51.23366697656809,-9.465391272119197
2002-03-29,-3.9034986001722913,-24.851822943717895,50.737906511378704,-9.969289912749446
2002-03-30,-3.319255176772101,-23.62430342045504,50.334697154312174,-9.050068440734531
2002-03-31,-3.079792057338359,-23.913625257017706,47.81629756291728,-7.85469024903702
2002-04-01,-3.7062406663035867,-22.412656526782015,47.59532276351069,-9.095853641514534
2002-04-02,-4.322415780109326,-22.095371386074536,47.872986695231035,-7.8672923820483724
2002-04-03,-4.075585302376922,-24.11542789592743,47.15183907835324,-7.8204616011776595
2002-04-04,-3.2607517909412485,-22.74924628443421,48.02663094240383,-7.682736942354812
2002-04-05,-2.974361121750357,-21.82576729803595,47.62627372958749,-8.566872576664379
2002-04-06,-2.0455936435871678,-21.802445180285293,49.2309855512519,-9.405723333013706
2002-04-07,-0.42719180433784065,-21.15066196814326,49.17191940067049,-9.73546378111884
2002-04-08,1.2815526792705116,-21.240536667425065,48.73767210406276,-9.04427826243432
2002-04-09,0.3351458251315905,-21.698828180131816,49.068868474467614,-8.382748541067603
2002-04-10,-0.9362387209294035,-21.274934000661652,49.41176415725545,-6.4432421063135275
2002-04-11,-1.3249486723940236,-21.714894299590593,50.39998946466812,-6.507887876622399
2002-04-12,-3.2377778248159648,-21.36165812663354,49.472947299966506,-7.471898243152295
2002-04-13,-3.3747893538876954,-20.59344324934217,50.600534634672826,-7.748817133083519
2002-04-14,-3.7851881665787612,-19.415412165627586,51.468568781476954,-9.616104372609815
2002-04-15,-3.8305742634209192,-20.038302278486835,51.41400577775681,-9.525758589695732
2002-04-16,-4.446625655867414,-19.496418353842046,51.03067546715568,-12.36010813623578
2002-04-17,-6.406390433124471,-17.308517151429538,50.92770941338329,-11.578829163630234
2002-04-18,-6.6016824205419145,-18.09708367489811,51.91097431820372,-12.779057031431194
2002-04-19,-7.320199052376883,-17.89054523191917,52.602677031828165,-12.631223914882383
2002-04-20,-7.8698341774861404,-16.56691325516111,54.64047091391719,-13.818542857710952
2002-04-21,-10.159495803380327,-16.855416198854254,54.871479029051514,-12.699337955799317
2002-04-22,-8.255008002815325,-15.486238896542966,54.63868480975815,-11.714657532726829
2002-04-23,-8.86086478758022,-16.028349910106684,55.27578080347146,-10.86612692685956
2002-04-24,-7.214850155191642,-16.15237121507127,55.66756500682091,-11.258363900774446
2002-04-25,-8.931139518392296,-16.23061860896039,56.39331807876684,-11.322625646764589
2002-04-26,-9.364186583045813,-16.46871189318996,57.01951223425142,-11.710382953093964
2002-04-27,-9.898585741610347,-17.782646306186574,56.493805004056185,-10.977858482559109
2002-04-28,-11.586126238065544,-16.635061020413996,58.12550268898306,-10.723513121885983
2002-04-29,-10.539124548248164,-13.937100916205447,57.286590082585754,-12.44265183303962
2002-04-30,-11.788342212277389,-13.066033396594298,56.6107420941058,-11.794053387442514
2002-05-01,-11.810185521068437,-13.127931208060103,55.08195738899364,-10.784496605943392
2002-05-02,-9.700854391343631,-13.431083646356901,55.53242806441828,-8.922746870409268
2002-05-03,-9.24219655222487,-13.354464982829176,56.32331860647156,-9.088762511554851
2002-05-04,-10.087514711935173,-12.998482519987602,57.10326513413382,-7.887250901998599
2002-05-05,-12.115567468166146,-12.980957942676863,57.75209839343937,-8.32243688809362
2002-05-06,-13.478738547188048,-13.204557055981038,57.146041665039846,-8.190149014470986
2002-05-07,-14.351897259082524,-14.27211144518339,58.475187396968444,-8.02879265094795
2002-05-08,-13.466594181985828,-14.725372700963327,57.392116207328485,-8.81290136483715
2002-05-09,-13.80353445579861,-14.388774820364505,58.78205155929517,-7.835371411603684
2002-05-10,-15.580414420732156,-15.696979630802069,58.34640614571165,-6.516721295063038
2002-05-11,-16.913130423622217,-16.19204976928314,57.31070736451586,-6.451772474955735
2002-05-12,-17.21489212689079,-16.167552197061514,57.45858375316391,-6.660016089199343
2002-05-13,-17.409563556537535,-17.07955041794122,58.48794714070799,-5.901958936703103
2002-05-14,-16.421926248261034,-16.434294276200536,59.116472875675576,-5.9385493131292755
2002-05-15,-15.843660354224548,-16.906402952117027,58.483330860777926,-7.568962974129046
2002-05-16,-16.431045982389318,-17.693953569488357,58.248118441927325,-7.574367872611412
2002-05-17,-16.5010996031891,-18.251175054276132,59.6023485025568,-8.317093273981657
2002-05-18,-16.716556739899268,-17.825817555592188,59.05833254588829,-7.771762637273965
2002-05-19,-15.956430530077645,-17.976647765939273,58.12995931966497,-7.413129421802121
2002-05-20,-16.303126129623532,-17.92566018370827,57.08744916967825,-7.509164806129273
2002-05-21,-15.225381613184048,-17.109894206355825,59.43657885533264,-7.5425663760946415
2002-05-22,-14.181607740904411,-17.030785788912702,59.55612734018028,-6.540368574866636
2002-05-23,-14.432975042407353,-16.775968421999927,60.13421744900057,-6.941290461946096
2002-05-24,-13.953280065072997,-18.355324813755523,59.92985828989635,-5.711109381429715
2002-05-25,-13.075480488789639,-18.52098136402008,60.471916474690964,-3.7623645219992765
2002-05-26,-12.869309120841388,-19.29109420923836,60.26838623627988,-4.960012807516942
2002-05-27,-13.866767308217808,-17.52198328172033,60.16915879482992,-5.66645051250263
2002-05-28,-13.387911481701336,-16.565061020518144,60.16546901899997,-5.472817474522193
2002-05-29,-13.644828480793281,-16.9852892657433,60.30737255393607,-5.421874911352142
2002-05-30,-14.315268672467747,-17.168028910267505,59.93249264763848,-6.006695373929252
2002-05-31,-14.424382793981524,-16.67648407610701,59.46095150801964,-7.116564304299193
2002-06-01,-12.404361015812333,-16.439973206928503,59.2253671401777,-4.987507211582163
2002-06-02,-14.524607380083474,-15.781611469507599,58.918722019406445,-4.8755090318262075
2002-06-03,-14.935580121174189,-14.864057899997524,58.75255612165209,-3.79455736577124
2002-06-04,-14.73904059047532,-14.937867910934285,58.751738833682225,-2.835176667098108
2002-06-05,-14.564039182675481,-15.976550574387579,56.84222287939844,-3.353957534762827
2002-06-06,-13.41178206716247,-15.116706066864909,55.94548671662639,-2.578972845589114
2002-06-07,-15.67135485555839,-16.041772387851886,56.53897243158128,-2.6138816922359687
2002-06-08,-14.667853804176856,-15.399138013783743,54.40235429446288,-3.701991492952981
2002-06-09,-14.803394724246889,-14.585049237926341,53.80614373030043,-4.123251617225464
2002-06-10,-16.35141163649226,-12.88777069919092,53.4460337700125,-4.013793536003213
2002-06-11,-14.188972323176447,-12.07158018023527,52.91135600116627,-4.185993299026259
2002-06-12,-13.032677885040236,-12.457178640665228,50.15971319293298,-2.375348598397707
2002-06-13,-13.31371850015525,-11.845843728973778,49.320663249492334,-1.5113403009700486
2002-06-14,-13.763820755427718,-11.298958739406887,49.66168443664229,-1.5652945377442604
2002-06-15,-14.562778764299678,-9.463689793516533,49.10831591417097,-2.2856729156298243
2002-06-16,-13.452888684400834,-9.383377885604467,48.204904932334266,-1.7461986828739504
2002-06-17,-14.648665593479032,-10.124493076425797,48.646338305414304,-1.5252561954729962
2002-06-18,-15.8425035121017,-9.272538325765046,47.4126793056749,-1.6079012949195155
2002-06-19,-16.237367413563195,-9.806690044835337,48.44196446779929,-0.597172635084799
2002-06-20,-15.359891349841067,-8.897719453840876,47.648622505958556,-0.9785850904283504
2002-06-21,-16.482476573142783,-9.58368635789959,46.778536130824634,-0.2074186342853711
2002-06-22,-17.292217257557834,-9.379973566883466,46.92851807526506,-1.2481749145326653
2002-06-23,-17.17267232580423,-9.325056139383662,46.97279937363176,-0.577857751523863
2002-06-24,-17.778479045314945,-8.405287150327498,46.05756586059236,0.2639832570831855
2002-06-25,-18.941226039317154,-7.5938078763787775,45.40700584390897,0.4671887075003038
2002-06-26,-17.731915335434383,-6.548020071350629,44.91853548635822,-0.43042998726184994
2002-06-27,-17.820550846240394,-4.469608543418239,44.99590215601518,-0.876849941677904
2002-06-28,-19.18316960172402,-5.824277856471679,44.74038076252797,-0.8189589866782407
2002-06-29,-19.523372389373545,-4.804954085438502,45.110800356207,-0.7680853647256631
2002-06-30,-20.614602650907287,-5.728699797592643,44.888592263962366,-2.4769741817222286
2002-07-01,-20.105209994815137,-5.486309652361875,44.63638631538384,-3.9001680291790786
2002-07-02,-19.912175858603682,-5.111155875693515,43.570420479994596,-4.746612720521863
2002-07-03,-19.14854973492995,-5.345578441964382,43.3703217080814,-5.866160873089059
2002-07-04,-17.822351525886553,-4.472633769120608,43.4633469536547,-5.300124051361824
2002-07-05,-16.90096372425553,-5.039098523391567,44.183303246255974,-5.987355335242009
2002-07-06,-15.465807983984178,-5.027677950010521,44.905842813098616,-5.273957920440983
2002-07-07,-14.721119207871604,-5.890475972411842,45.67863016140613,-5.567408361063324
2002-07-08,-16.824532738041967,-5.2804683378182435,46.33817957917788,-6.87569651836713
2002-07-09,-14.407685339851644,-5.578982998357655,48.546475846654864,-6.4618637473828775
2002-07-10,-14.3532193641684,-4.194306777583559,49.49769089658655,-7.239276042708081
2002-07-11,-13.498447213655577,-2.8248268104745486,50.104079968973025,-8.055058347089677
2002-07-12,-15.398724440811487,-2.1093501186215775,50.22464434925241,-8.8940903129099
2002-07-13,-16.359163015596007,-1.4551582271166459,49.82965799621756,-8.899495802524578
2002-07-14,-15.816423317670795,0.6993561142681748,49.60333364694824,-8.836369983839369
2002-07-15,-15.333856429562767,1.1648674648491473,47.81646164778897,-8.852139703636997
2002-07-16,-14.74733038113293,1.84290433355222,48.24374303268299,-8.694081569910205
2002-07-17,-13.66122871488561,1.6389294893391564,48.38703481881732,-6.944320471040067
2002-07-18,-14.966125150868217,1.2672209144892208,47.347350001812195,-5.405213879696289
2002-07-19,-16.01556462671837,0.30292430682778393,47.123653217899786,-4.062880888182502
2002-07-20,-14.845094753811422,-0.4529548752012177,47.36058365357738,-6.068340767986433
2002-07-21,-14.40368654793317,-1.0082266066788383,46.91436714831912,-6.268553135308863
2002-07-22,-14.312532346947625,-0.24336942494631553,46.5429171763182,-6.431316175785043
2002-07-23,-12.779310768526875,-0.40413159541360955,49.01949635783191,-5.832376257773021
2002-07-24,-13.130879344881272,0.19227025096527828,50.98293325367833,-6.088739126576078
2002-07-25,-10.50986191928957,-0.1889634795753074,50.95193798023967,-7.241424818836295
2002-07-26,-12.894894098263842,0.05479618800103053,50.16215820060567,-7.8048824157351735
2002-07-27,-11.921732216110332,0.4854115398057337,50.59189038386229,-8.431892712672578
2002-07-28,-10.6764952614449,-0.6896920633897343,50.29867176918388,-9.146003873664254
2002-07-29,-10.160538390019717,-0.9391568692821382,49.38076157419175,-7.523077880251534
2002-07-30,-9.269140202555215,-0.28770753319961195,49.1650359094784,-7.381148178275097
2002-07-31,-9.831268316798148,-1.2903561639899315,50.246043400861666,-7.339627831663073
2002-08-01,-9.643806508452588,-2.1979197102873456,49.72187615903754,-7.310611075335753
2002-08-02,-9.885176664408437,-3.5118940681753426,50.184974997729526,-6.637471435483498
2002-08-03,-9.22835378913902,-4.231139732368031,49.61776927723248,-7.064833114927197
2002-08-04,-8.749973063142834,-4.440094663430386,47.95306488351519,-7.234150049405308
2002-08-05,-8.04878508256215,-4.445337516053667,48.07862570262366,-7.408193597130389
2002-08-06,-8.502918673297861,-2.950575763122578,46.31455194739436,-6.7373570873416115
2002-08-07,-8.603655621451148,-3.4536291560620733,47.8111284354244,-6.209306946216324
2002-08-08,-9.422803594272755,-3.976456574626076,46.703185894093046,-6.5354856112257815
2002-08-09,-9.787303655593593,-2.9538132715205605,45.81896910465224,-6.326335283807463
2002-08-10,-11.23682017009719,-3.8046826851617395,45.99021164113576,-6.073525968763965
2002-08-11,-10.400964208612786,-3.8662789983234895,46.12188898477052,-3.97126904223777
2002-08-12,-9.921488520268563,-3.2722356137500697,45.388854186764135,-3.290986719445797
2002-08-13,-10.384030300736809,-3.335272084675123,46.06317009237675,-3.1274261379107333
2002-08-14,-9.705403986168633,-2.8446659151818574,45.46538242092651,-3.3416331825492764
2002-08-15,-8.943462066092557,-2.2283644450341176,44.73907354361764,-3.879920494638149
2002-08-16,-10.336921895069622,-1.9031764695209445,45.41202826636506,-2.9132547888700797
2002-08-17,-9.205914993807287,-1.957969359462802,46.64886828957835,-2.3066349771098444
2002-08-18,-10.027309638895966,-2.571892988292975,46.809408462144404,-3.2943589215199314
2002-08-19,-9.856242783010009,-3.330664875183868,46.45597284245785,-1.8703437287446765
2002-08-20,-9.819550754210674,-4.319338574785558,47.32401490064258,-1.2646419556541917
2002-08-21,-9.745764426897038,-4.7427666603212995,47.93017312606853,-2.230456490685928
2002-08-22,-11.065703777424162,-4.554121410532296,47.90507988421166,-2.4378167567260056
2002-08-23,-10.63258682352955,-5.127511231801873,46.61289462891821,-3.1297325610028013
2002-08-24,-11.516200173092994,-5.444230046616487,49.45821296447539,-2.2193830531420646
2002-08-25,-10.934662243010084,-5.280089015924831,50.66856941897059,-1.2897746292843748
2002-08-26,-10.437671808825014,-5.153417558525882,51.710994174864446,-1.6091417320652774
2002-08-27,-8.744980206585966,-6.142584325160313,53.413554266275774,-0.9253689599814451
2002-08-28,-8.879686644042623,-4.927597228312455,51.958160750557894,-3.034899310989699
2002-08-29,-9.294326576735006,-4.114897117126986,52.87244725166495,-1.686967776562313
2002-08-30,-9.899144766054645,-4.3757181829785265,50.79158568080215,-2.3015695411873747
2002-08-31,-8.048680307325277,-3.5946349954681596,51.39133140454116,0.8480512464427896
2002-09-01,-8.651331975434648,-2.965472023345347,51.186809084173305,0.8815993719602905
2002-09-02,-8.811205910071198,-3.9648280884211795,52.188641066825355,-0.8625511995082186
2002-09-03,-7.577922652655941,-3.06930532457405,51.785487655344554,-0.9320644619066901
2002-09-04,-7.281980534755902,-2.0307030913187765,49.10416472753085,-2.4162226220415333
2002-09-05,-7.669731982363809,-1.5895402743902556,50.2012772510957,-1.0401262980288657
2002-09-06,-7.608754622165832,-2.2130547140875008,49.08407785041476,-2.847157073077706
2002-09-07,-6.751576607453967,-2.605643384405794,49.07026818294898,-1.947257921092615
2002-09-08,-8.156007250971992,-3.3622295941523745,48.119605252751015,-3.5093851516348877
2002-09-09,-8.2645583940219,-2.590005288837425,47.78688679940339,-5.1876140701124696
2002-09-10,-8.489107414867151,-2.3215540443110805,49.54759469937898,-6.851115472911261
2002-09-11,-8.451788035688496,-2.657418036797953,52.06215396633661,-6.50020566962009
2002-09-12,-7.877282677107947,-2.93509431097952,51.20445970246385,-6.322119258698351
2002-09-13,-7.728272791050693,-3.7273620524009217,51.142597671023054,-5.724802475029071
2002-09-14,-8.020053830054955,-3.726076114355698,51.363454236189,-5.872436586554719
2002-09-15,-9.196908795323514,-2.069775284198442,52.70110719046059,-7.247242245026227
2002-09-16,-9.366063066907486,-1.4099533524306422,52.28507572892541,-4.983305738694767
2002-09-17,-8.213512852945502,-2.5506235012765326,51.97792367807998,-4.839708404510064
2002-09-18,-7.68216379161763,-2.203120583437555,53.03442041352804,-4.638118807589245
2002-09-19,-7.830327416601198,-3.4157862635756295,53.71440849702762,-4.751227546284883
2002-09-20,-7.302271872544443,-5.520372120892651,52.80147029007004,-5.502437524089463
2002-09-21,-7.357459890320338,-6.0027780042770305,52.53653688530806,-6.400910073430187
2002-09-22,-7.459909449731986,-5.401202599064649,52.75062993591828,-7.795197242334354
2002-09-23,-8.330310657780508,-5.6277990490865415,52.092721541972146,-9.214374056551526
2002-09-24,-8.464469449935308,-7.292036262050919,51.30230379162754,-8.493069562556814
2002-09-25,-7.116585348626915,-8.04945412798994,52.02284329315174,-8.174216972420187
2002-09-26,-7.959666508984804,-8.436583818418063,51.73960348913684,-8.352462147991359
